index;question;context;answers;id
14;What percentage of electricity was obtained from zero carbon energy source?;cope 2, limited Scope 3  without Category 15financed emissions. 100% of all electricity from zero carbon energy sourcein NLB and NLB Kom;{'text': ['100%'], 'answer_start': [64]};0
16;How many key values were defined in 2022?;p, and launched with several implementationinitiatives. As a result, 3 key values and 15 behaviours were defined.ContentsCEO StatementKey;{'text': ['3'], 'answer_start': [69]};1
18;How many Sustainable Development goals does the Group focus on?;ations,financing and investment activities.The Group focuses on key 5 Sustainable Development Goals those which reflect its greatest impa;{'text': ['5'], 'answer_start': [68]};2
19;How many key impact areas did NLB Group prioritize?;sis and country needs. Based on these analysis, NLBGroup prioritized 3 key impact areas and announced 4 keytargets.Principle 1 alignment;{'text': ['3'], 'answer_start': [69]};3
20;How many targets were announced?;hese analysis, NLBGroup prioritized 3 key impact areas and announced 4 keytargets.Principle 1 alignmentNLB Groups CommitmentWe will al;{'text': ['4'], 'answer_start': [69]};4
21;What percentage of electricity purchased from a zero carbon energy source is purchased in Slovenia and Serbia?;ectricity used by NLB Group purchased from zero carbonenergy source, 100% in Slovenia and Serbia respectively.;{'text': ['100%'], 'answer_start': [69]};5
22;How many decision-making bodies are there?;Management Board Membersare supported by directors at B-1 level in3 decision-making bodiesOversees the integration of thesustainability;{'text': ['3'], 'answer_start': [66]};6
24;How much electricity was purchased from zero-carbon sources in two largest and most material entities?;gnificant reduction of CO2emissionsin 2022 was due to the fact that 100% electricity waspurchased from zero-carbon sources in two largest and;{'text': ['100%'], 'answer_start': [68]};7
26;How many women are on NLBs Supervisory Board?;n and 1 woman. The Supervisory Board of NLB has 10 members7 men and 3 women.CEO StatementKey Highlights 2022About This ReportNLB Group ;{'text': ['3'], 'answer_start': [68]};8
32;How many EU Taxonomy - voluntary disclosures are there?;ndividuals in EUR million 9 53EU Taxonomy - voluntary disclosures 3EU Taxonomy Eligible NFRD clients in EUR million 653.567 627.292E;{'text': ['3'], 'answer_start': [29]};9
33;How many subsidiary banks are in the NLB Group?;ficant locations are presented parent bank NLB, d.d. Slovenia, and 7 subsidiary banks NLB Banka a.d., Skopje North Macedonia  NLB Bank;{'text': ['7'], 'answer_start': [67]};10
48;How many strategic pillars does the NLB sustainability roadmap have?;ng term.1. NLB sustainability roadmap encompasses decisive approach, 3 strategic pillarsSustainable Operations, Sustainable Finance, Contr;{'text': ['3'], 'answer_start': [69]};11
49;How many strategic pillars are there?;ng term.1. NLB sustainability roadmap encompasses decisive approach, 3 strategic pillarsSustainable Operations, Sustainable Finance, Contr;{'text': ['3'], 'answer_start': [69]};12
57;In Slovenia and Serbia, what percentage of electricity is purchased from CO2-neutral sources?;In Slovenia and Serbia, 100% of electricityused is purchased from CO2-neutral sources.3. By 2025;{'text': ['100%'], 'answer_start': [24]};13
58;What percentage reduction of operational carbon footprint was achieved?; 46 % reduction of operational carbon footprintScope 1 and Scope 2, lim;{'text': ['46'], 'answer_start': [1]};14
62;How many behaviours were defined?;ith several implementationinitiatives. As a result, 3 key values and 15 behaviours were defined.ContentsCEO StatementKey Highlights 2022A;{'text': ['15'], 'answer_start': [69]};15
64;How many impact areas along business lines were identified in the NLB Group impact analysis?;on the NLB Group impactanalysis, first performed in 2021, altogether 13 impact areasalong business lines were identified. ;{'text': ['13'], 'answer_start': [69]};16
65;How many material issues were listed for NLB Groups responsible operation and sustainable development?; in the same geographical andcultural area. Based on this, we listed17 material issues for NLB Groupsresponsible operation and sustainable;{'text': ['17'], 'answer_start': [68]};17
66;How many material issues did Senior Management assess?;the six countrieswhere we are present, who evaluated eachone of the 17 material issues to determinethe importance of these issues for NLBG;{'text': ['17'], 'answer_start': [68]};18
67;How many members did the Committee have in 2022?;Throughout 2022, the Committee had 17 members andwas enlarged to 20 members in 2023. The Chairman of theC;{'text': ['17'], 'answer_start': [35]};19
70;How many reports were processed by NLB d.d. in the area of fraud investigation?;In the area of fraud investigation NLB d.d. processed 41reports and NLB Group members 34 reports of suspicionsof harmful beh;{'text': ['41'], 'answer_start': [54]};20
72;How many big taxpayers had special tax status in Slovenia in 2021?;rs who have appropriate internaltax controls in place. In 2021, only 11 big taxpayers had suchstatus in Slovenia. This status, which is gran;{'text': ['11'], 'answer_start': [69]};21
73;How many entities of NLB Group were included in calculation?;ootprintreport verification, disclosure and reporting. Altogether, 19 entities of NLB Group were included incalculation. Beside NLB and su;{'text': ['19'], 'answer_start': [67]};22
74;How many men took parental leave?;om home every day.Parental leaveIn 2022, 254 employees 214 women, 40 men took parentalleave. Some of the employees started parental leav;{'text': ['40'], 'answer_start': [66]};23
75;How many members are on the Management Board of NLB?;LB has 6 members 5 men and 1 woman. The Supervisory Board of NLB has 10 members7 men and 3 women.CEO StatementKey Highlights 2022About T;{'text': ['10'], 'answer_start': [69]};24
76;How many practical workshops were organised specifically for the needs of older people?;heir money with using digitalchannels.For this reason, we organised 10 practical workshopsspecifically tailored to the needs of older peopl;{'text': ['10'], 'answer_start': [68]};25
77;How many workshops were organized specifically for older peoples needs?;heir money with using digitalchannels.For this reason, we organised 10 practical workshopsspecifically tailored to the needs of older peopl;{'text': ['10'], 'answer_start': [68]};26
78;How many workshops did NLB run in 2022?;kills for older people workshops online and offline.in 2022 we ran 13 workshops with a total of 121 participants.They are mainly are perfo;{'text': ['13'], 'answer_start': [67]};27
79;How many different locations did NLB BankGo visit in 2022?;fbanking services on the road. In 2022 NLB BankGo regularlyvisited 24 different locations four days a week, and on Fridayswas present at s;{'text': ['24'], 'answer_start': [67]};28
80;How many humanitarian organisations were exempted from fees in 2022?;enttransactions to humanitarian organisations. In 2022, NLBexempted 32 humanitarian organisations from fees, whichresulted in 6,104 transac;{'text': ['32'], 'answer_start': [68]};29
81;How much money was generated by Private Individuals NLB?;introduce to the market20 different loan offers products, of which 13 are for private individuals and 7 for legal entities Microand SME.;{'text': ['13'], 'answer_start': [67]};30
83;How many months after joining NLB, what are intermediary targets to be set every five years?;folios to align withpathways to net-zero by 2050 or sooner. Within 18 months of joining, setting 2030 targets or soonerand a 2050 target;{'text': ['18'], 'answer_start': [67]};31
85;How many sports clubs did NLB support in 2022?;ditions. In 2022, for the eighth consecutive year, NLBd.d. supported 65 sports clubs throughout Slovenia. ;{'text': ['65'], 'answer_start': [69]};32
95;How many impact areas did the UNEP FI tool define in all six countries of the NLB Group operations?;The following table depicts the specific country need levelsfor all 22 impact areas defined by the UNEP FI tool in all sixcountries of the ;{'text': ['22'], 'answer_start': [68]};33
96;How many impact areas were identified?;p carried out impactanalysis and materiality analysis and identified 13 impactareas Employment, Inclusive  healthy economies, Resour;{'text': ['13'], 'answer_start': [69]};34
97;How many workshops were provided in 2022?;s based on three pillars- digital skills for older people  in 2022 13 workshops were provided with 121 participants,- content cooperation;{'text': ['13'], 'answer_start': [67]};35
98;How many Sustainable economic activities promote the transition to a low-carbon, resource-efficient and sustainable economy?;11 Sustainable economic activities promote the transition to a low-carbo;{'text': ['11'], 'answer_start': [0]};36
99;How many consecutive years did Top Employer receive the First ESG Rating?;ongthe best 15% of banks as assessedby Sustainalytics.TopEmployer7th consecutive yearThe firstESGratingWe are focused on our journey t;{'text': ['7th'], 'answer_start': [65]};37
100;How many trees were saved?; 70%at NLB Group level. Paper consumption was reduced by 17%, thus 866 treeswere saved. 6,176 trees were planted by NLB Group employeest;{'text': ['866'], 'answer_start': [67]};38
101;What bank is the leading bank in Slovenia?; position and the impact of itsactivities.NLB Group is comprised of NLB, the leading and systemicallymost important bank in Slovenia, seven ;{'text': ['NLB'], 'answer_start': [42]};39
102;How many branches does NLB Group have in all markets where it operates?;B Group in numbers as at 31 December 2022 An extensive network of 440 branches in all markets whereNLB Group operates. More than 2.7 mil;{'text': ['440'], 'answer_start': [66]};40
104;How many levels does NLB Skladi tackle the sustainable development activities?;company. NLB Skladi tackles the sustainable developmentactivities at two levels 1. Harmonisation within the NLB Groupat company level and 2.;{'text': ['two'], 'answer_start': [69]};41
105;How many most important stakeholder groups did NLB Group identify?;Through a materiality analysis, we identified the six mostimportant stakeholder groups employees, investors/shareholders;{'text': ['six'], 'answer_start': [50]};42
106;How many times was the evaluation performed?;r NLB Groupssustainable operations. The evaluationwas performed in two parallel tracks onewith NLB Group internal stakeholders,i.e. ;{'text': ['two'], 'answer_start': [67]};43
107;How many parallel tracks did the evaluation of NLB Groups sustainable operations take place?;r NLB Groupssustainable operations. The evaluationwas performed in two parallel tracks onewith NLB Group internal stakeholders,i.e. ;{'text': ['two'], 'answer_start': [67]};44
108;How many countries are there in which we are present?;nesurvey sent to the designated externalstakeholders throughout the six countrieswhere we are present, who evaluated eachone of the 17 mate;{'text': ['six'], 'answer_start': [68]};45
109;How many main stakeholder groups did the NLB Group identify through stakeholder mapping?;Through stakeholder mappingwe recognised six mainstakeholder groups employees,private and business clients,sup;{'text': ['six'], 'answer_start': [41]};46
123;How many trees did the bank donate to Prishtina?;rted the initiative To Love and Protectthe Nature and donated around 200 trees to beplanted in Prishtina in the last two years. By doingso, ;{'text': ['200'], 'answer_start': [69]};47
127;Who reimburses its employees?;e i.e., home office have not been taken into consideration, althoughNLB reimburses its employees.;{'text': ['NLB'], 'answer_start': [68]};48
128;What was the consumption of various resources converted to?;e electricity.HeatingMeasurement included consumption converted to MWh of various resources natural gas, heating oil, liquid petroleum gas;{'text': ['MWh'], 'answer_start': [67]};49
130;How much fuel was consumed in the baseline year?;Altogether, the consumption was reduced by 15% compared to 2021, and 10% compared tothe baseline year.Fuel consumptionFuel consumption con;{'text': ['10%'], 'answer_start': [69]};50
131;By 2025, what percentage of paper prints were to be reduced?;roject in 2020. After thorough analysis the target was setto achieve 50% reduction of number of paper prints in itsoperations by 2025 compar;{'text': ['50%'], 'answer_start': [69]};51
132;How many trees did NLB save?;Thus, we saved 866 trees.Paper usage in NLB was lower by 26%, which is the highestredu;{'text': ['866'], 'answer_start': [15]};52
136;What percentage of NLB Groups employees were women in 2021?;roup by genderAs in 2021, at its significant locations of employment 70% ofNLB Groups employees were women and 30% men at the endof 2022.G;{'text': ['70%'], 'answer_start': [69]};53
137;What percentage were men in 2022?;t locations of employment 70% ofNLB Groups employees were women and 30% men at the endof 2022.Graph Number of employees in NLB GroupNLB d;{'text': ['30%'], 'answer_start': [68]};54
138;How many new employees did NLB Group hire in 2022?;re of new employees in NLBby gender and ageIn 2022, NLB Group hired 926 new employees at its significantlocations of employment, of which 28;{'text': ['926'], 'answer_start': [68]};55
140;How much did the employee turnover rate increase between 2021 and 2022?; age in 2022Compared to 2021, the turnover rate in 2022 increased by 6%,mostly due to the higher number of retirements and earlyretirements,;{'text': ['6%,'], 'answer_start': [69]};56
141;How much did the rate of employee turnover in NLB Group increase in 2022?; age in 2022Compared to 2021, the turnover rate in 2022 increased by 6%,mostly due to the higher number of retirements and earlyretirements,;{'text': ['6%,'], 'answer_start': [69]};57
142;How many employees took parental leave in 2022?;eesin NLB Group workedfrom home every day.Parental leaveIn 2022, 254 employees 214 women, 40 men took parentalleave. Some of the employ;{'text': ['254'], 'answer_start': [65]};58
143;How many people were included in the company in 2022?;aim of developing the organisationalculture and leaders, we included 136 individuals in thehighest management positions in the entire NLB Gro;{'text': ['136'], 'answer_start': [69]};59
144;How many individuals were included with the company by 2022 to develop the organisational culture and leaders?;aim of developing the organisationalculture and leaders, we included 136 individuals in thehighest management positions in the entire NLB Gro;{'text': ['136'], 'answer_start': [69]};60
145;How many people in the NLB Group participated in a 360-degree feedback exercise on the impact of their leadership on employees?;aim of developing the organisationalculture and leaders, we included 136 individuals in thehighest management positions in the entire NLB Gro;{'text': ['136'], 'answer_start': [69]};61
146;How many students and occasional workers were employed in 2022?;opportunities or practice to students.In 2022, there were altogether 172 students and occasionalworkers employed in different areas of work ;{'text': ['172'], 'answer_start': [69]};62
148;How many authorized representatives does the Bank have?;intopics of interest are related to working conditions.The Bank has one authorized representative assigned forcooperation in labor relations;{'text': ['one'], 'answer_start': [68]};63
149;A total of what percentage for members of supervisory boards?;ntary achievement of the goal of sexual diversity by the end of2026 40% for members of supervisory boards and a total of 33% for members ofs;{'text': ['40%'], 'answer_start': [68]};64
162;What percentage of all CSR activities were aligned with UN SDGs?;n overview of key CSR activities with the greatestimpact group-wide.40% of all CSR activitieswere aligned with at leastone of the UN SDG go;{'text': ['40%'], 'answer_start': [68]};65
163;What percentage of all CSR activities were aligned with at least one of the UN SDG goals?;n overview of key CSR activities with the greatestimpact group-wide.40% of all CSR activitieswere aligned with at leastone of the UN SDG go;{'text': ['40%'], 'answer_start': [68]};66
164;How many companies participated in the FrameOfHelp project in 2022?;In 2022, as many as 300 companies participated theFrameOfHelp project, with which NLB Group;{'text': ['300'], 'answer_start': [20]};67
168;How many stages of personal finance management are there in the Bankarium museum?;nued its mission in strengthening financialliteracy. Walking through six stages of personal financemanagement, visitors can play digital game;{'text': ['six'], 'answer_start': [69]};68
170;How many years old is Slovenias banking heritage?;of world banking in a multimedia introduction. Then, theyexplore the 200-year-old banking heritage in the Slovenianterritory. SDG4  Quality;{'text': ['200'], 'answer_start': [69]};69
182;How much of a reduction in paper print will be achieved by 2025?;50% reduction of paper print by 202575% of all electric energy from zer;{'text': ['50%'], 'answer_start': [0]};70
183;How many countries does Slovenia have subsidiaries in?;king groups. The Group is presentin a market of 17 million people in six countries Bosniaand Herzegovina, Montenegro, Serbia, the Republic o;{'text': ['six'], 'answer_start': [69]};71
184;How many main countries of operation are there?; activities consumer, business, corporate, andinvestment banking six main countries of operation Slovenia, Bosnia andHerzegovina, North ;{'text': ['six'], 'answer_start': [65]};72
185;How many countries does the NLB Group operate in?;eed levelsfor all 22 impact areas defined by the UNEP FI tool in all sixcountries of the NLBGroup operations based on the data collected on ;{'text': ['six'], 'answer_start': [69]};73
186;How many stakeholders did the materiality analysis work with?;nted a materiality analysis, whichidentified and closely worked with six main stakeholdersinvestors, employees, private clients, regulatory ;{'text': ['six'], 'answer_start': [69]};74
192;How many advisors does NLB have?;covers 733 advisors, 53% bank advisors and 47% financialadvisors. All advisors ;{'text': ['733'], 'answer_start': [7]};75
193;How much will NLB reduce the number of paper prints in its operations by 2025 compared to 2019?;BGroup will decreasethe number ofpaper prints in itsoperations by 50%comparedto 2019.Number of printsinclusive healthyeconomiesBy 2;{'text': ['50%'], 'answer_start': [66]};76
194;By 2025, NLB Group will decrease the number of paper prints in its operations by what percentage compared to 2019?;B Group will decrease the number of paperprints in its operations by 50% compared to 2019.- introduction of digital signatures and digital to;{'text': ['50%'], 'answer_start': [69]};77
196;How much of the electricity used by NLB Group is purchased from zero-carbon energy sources?;m zero-carbonsources.At the end of 2022, we are already approaching 70% of allelectricity used by NLB Group purchased from zero-carbonenerg;{'text': ['70%'], 'answer_start': [68]};78
197;By 2025, NLB Group will decrease the number of paper prints in its operations by what percentage compared to 2019?;B Group willdecrease the number of paperprints in its operations by 50%compared to 2019NLB Group has decreased paper prints in 2022 by 43%;{'text': ['50%'], 'answer_start': [68]};79
204;By what year does the United Nation want to harmonise credit and investment portfolios with zero net emissions?; credit and investment portfolios with reaching zeronet emissions by 2050 or earlier. We have continued developinga range of green products an;{'text': ['2050'], 'answer_start': [69]};80
207;In what year will we continue to address all ESG pillars in all our banking members throughout the region?;The latter is clear to us. In 2023 we will continue to developand address all ESG pillars in all our ba;{'text': ['2023'], 'answer_start': [30]};81
208;In what year did NLB receive its first ESG rating?;In 2022, NLB received itsfirst ESG rating, placing it amongthe best 15% of ;{'text': ['2022'], 'answer_start': [3]};82
211;What was NLB Group rated as low risk by ESG Risk rating Sustainalytics?;porate and sustainabilitygovernance standards. NLB Group was rated 17.7  low risk by ESG Risk ratingSustainalytics. Sustainability mana;{'text': ['17.7'], 'answer_start': [67]};83
212;How many hours were invested in sustainability related employee trainings?;adopted and upgradedto increase embeddedness of ESG in operations. 1,452 hours were invested in sustainability relatedemployee trainings.;{'text': ['1,452'], 'answer_start': [67]};84
219;In what year did NLB Banka, Beograd merge with Komercijalna Banka?; Srpska.vii Market share in the Federation of BiH.viii In April 2022 NLB Banka, Beograd merged with Komercijalna Banka, Beograd.CEO State;{'text': ['2022'], 'answer_start': [64]};85
220;In what year did the NLB Group become a signatory to the UN PRB and UNEP FI member?;ave been part of NLB Group since very beginning of itsoperations. In 2020, the Bank faced the biggest strategicmilestone, when it became a sig;{'text': ['2020'], 'answer_start': [69]};86
221;When was the NLB group sustainability programme adopted?;opportunities, the NLB Group Sustainability Programmewas adopted in 2020. ;{'text': ['2020'], 'answer_start': [68]};87
222;When did the programme evolve into a comprehensive NLB Group Sustainability Framework?;The programme evolved in 2021 intoa comprehensive NLB Group Sustainability Framework, themandator;{'text': ['2021'], 'answer_start': [25]};88
223;When was the Environmental and Social Management System developed and implemented?;mentation of the Environmental and Social ManagementSystem ESMS in 2021. ESMS is a part of a comprehensive riskmanagement system within NLB ;{'text': ['2021'], 'answer_start': [67]};89
230;What year did NLB continue its focus on fulfilling the impact and target setting commitments?;e we can have the most significant impacts.Activities and results in 2022NLB Group continued its focus on fulfilling the impact andtarget set;{'text': ['2022'], 'answer_start': [69]};90
231;In what year did NLB Group join the United-Nations-Convened Net-Zero Banking Alliance?;t national and regionalframeworks.Activities and results in 2022In 2022 the Group joined the United-Nations-Convened Net-ZeroBanking Alli;{'text': ['2022'], 'answer_start': [60]};91
232;By 2030, what will be the share of active digital retail users in the NLB Group by the year 2025?;25, the share of active digital retail users in theNLB Group will be 55%.Impact area Inclusive  healthy economiesTarget achivements in 2022;{'text': ['55%.'], 'answer_start': [69]};92
237;How much of the energy used in the NLB Group will come from zero-carbon sources by 2030?;porate financing.Publicly announced target by 2030By the year 2030, 75% of all electric energy used in the NLBGroup will come from zero-carb;{'text': ['75%'], 'answer_start': [68]};93
238;What percentage of all electric energy used by NLB comes from zero carbon sources?;porate financing.Publicly announced target by 2030By the year 2030, 75% of all electric energy used in the NLBGroup will come from zero-carb;{'text': ['75%'], 'answer_start': [68]};94
240;When did the NLB Group offer customers loans with a sustainable financing component at a lower interest rate than the Banks regular offer?;rong partnerships in sustainablesolutions.Activities and results in 2022The Group offered customers loans with a sustainable financingcomp;{'text': ['2022'], 'answer_start': [68]};95
243;In what year did NLB Group organize its first Investor Day?;ments into the operations. Organizing special investor days In May 2022, NLB Group organized its first Investor Day in Belgrade. Presentin;{'text': ['2022'], 'answer_start': [67]};96
244;In what year did NLB conduct a materiality analysis?;on people and the environment,we conducted a materiality analysis in 2021, which also served as a foundation for sustainabilityactivities in 2;{'text': ['2021'], 'answer_start': [69]};97
258;Throughout what year were several training sessions on ESG topics organised for different internal stakeholders?;pics forthe Management Board and Supervisory Board alike.Throughout 2022, several training sessions on these topicswere organised for differe;{'text': ['2022'], 'answer_start': [68]};98
260;How much did the bank reduce the use of paper in 2022 compared to the previous year?;our initiatives,the bank managed to reduce the use of paper by upto 19% in 2022 compared to the previous year.;{'text': ['19%'], 'answer_start': [68]};99
265;In what year did the Bank begin preparations for the Policy on Respect for Human Rights in NLB d.d. and the NLB Group?;isabilities, consumerrights and forced labour.In the second half of 2022 the Bank started with preparationsof the comprehensive Policy on Res;{'text': ['2022'], 'answer_start': [68]};100
273;What percentage of electricity carbon footprint was reduced in Slovenia?;a, NLB Group managed to reduce totalelectricity carbon foot print by 70%. Slight reduction in othercountries was also achieved. Furthermore, i;{'text': ['70%.'], 'answer_start': [69]};101
274;When were more personal meetings and other events with external stakeholders conducted?;eetings and other events with external stakeholders wereconducted in 2022 compared to previous years. The Group willstrive to further monitor ;{'text': ['2022'], 'answer_start': [69]};102
277;In what year did NLB acquire N Banka?;% for 2019 and 2020, and 0,1% for 2021 from the prior report.2 In 2022 NLB acquired N Banka, whereas merger of both entities is planned in 2;{'text': ['2022'], 'answer_start': [66]};103
281;What year did Komercijalna Banka Beograd become part of NLB Group?;issions also for 2019 and 2020, despitebecoming part of NLB Group in 2021. However, GHG Protocol suggests recalculating baseline year in case o;{'text': ['2021'], 'answer_start': [69]};104
289;How much was paper usage reduced in 2022 compared to 2021?;ieving this goal has been made aspaper usage prints was reduced by 17% compared to 2021.;{'text': ['17%'], 'answer_start': [67]};105
294;How many employees did NLB increase in 2022?;s year, the number of employeesincreased by 43 in 2022 to a total of 8,228 employees. InMarch 2022, NLB acquired Slovenian Sberbank subsequent;{'text': ['8,228'], 'answer_start': [69]};106
295;How many employees did NLB have in 2022?;s year, the number of employeesincreased by 43 in 2022 to a total of 8,228 employees. InMarch 2022, NLB acquired Slovenian Sberbank subsequent;{'text': ['8,228'], 'answer_start': [69]};107
297;In 2022, how many employees were there at NLB?;s year, the number of employeesincreased by 43 in 2022 to a total of 8,228 employees. InMarch 2022, NLB acquired Slovenian Sberbank subsequent;{'text': ['8,228'], 'answer_start': [69]};108
298;What percentage of NLB Group employees have a tertiary education level?; 2021.Structure of employees in NLB Groupby educationIn NLB Group, 74% of the employees have a tertiaryeducation level.Structure of new em;{'text': ['74%'], 'answer_start': [67]};109
299;What percentage of new employees were men?;Altogether, 32% of new employees weremen and 68% were women.CEO StatementKey Highl;{'text': ['32%'], 'answer_start': [12]};110
300;How many employees left the NLB Group at its significant locations of employment in 2022?;tructure of employee turnover in NLB Groupby gender and ageIn 2022, 1196 employees left the NLB Group at its significantlocations of employme;{'text': ['1196'], 'answer_start': [68]};111
301;How many people left the NLB Group at its significant locations of employment?;tructure of employee turnover in NLB Groupby gender and ageIn 2022, 1196 employees left the NLB Group at its significantlocations of employme;{'text': ['1196'], 'answer_start': [68]};112
302;What percentage of those who left were men?;nd 60, and 166 14% were over 60 years of age.Among those who left, 32% were men and 68% were women.;{'text': ['32%'], 'answer_start': [67]};113
305;How many employees worked from home in 2022?; we actively encouraged working from home.Thus, in 2022, on average, 36% of employees in NLB Groupworked from home every day. And this trend ;{'text': ['36%'], 'answer_start': [69]};114
306;How many employees in the NLB Group work from home every day?; we actively encouraged working from home.Thus, in 2022, on average, 36% of employees in NLB Groupworked from home every day. And this trend ;{'text': ['36%'], 'answer_start': [69]};115
312;How many hours of training did an NLB Group employee do in 2022?;focused learning and training.On average, an NLB Groupemployee did 22.4 hoursof training in 2022, whilein NLB this number was higherat 32.;{'text': ['22.4'], 'answer_start': [67]};116
313;In 2022, how many hours/employee did NLB employees do in training?;2.4 hoursof training in 2022, whilein NLB this number was higherat 32.8 hours/employee.In the future, the Group will strive to leverage tra;{'text': ['32.8'], 'answer_start': [67]};117
314;When was the workplace risk assessment performed?;During the workplace risk assessment performed in2022 we did not identify any high-risk workplaces. There wereno fatalitie;{'text': ['2022'], 'answer_start': [49]};118
318;What type of structure does H stand for?;igh Medium High Medium High Medium High Medium HighAge structureH - high MH - medium high ML- medium low L- lowManagement bodies and senio;{'text': ['high'], 'answer_start': [68]};119
319;What percentage of all management positions were held by women at the end of 2022?; Gender diversity of leadershipAt the end of 2022, women represented 56% of allmanagement positions. ;{'text': ['56%'], 'answer_start': [69]};120
320;How many women are in Management Boards?;24% of women in ManagementBoards NLB d.d. and subsidiaries, 49% of wom;{'text': ['24%'], 'answer_start': [0]};121
321;What percentage of women are at the first management level?;24% of women in ManagementBoards NLB d.d. and subsidiaries, 49% of women at thefirst management level B-1, 52% of women at the sec;{'text': ['49%'], 'answer_start': [60]};122
322;How much of women at the second management level are in management boards?; and subsidiaries, 49% of women at thefirst management level B-1, 52% of women at the secondmanagement level B-2, and 63% of women at th;{'text': ['52%'], 'answer_start': [66]};123
323;When was the Golden Branch competition established?;fortable in thebranch, because work spaces are perfectly arranged. In2022, for the second year in a row, NLB organised the GoldenBranch compet;{'text': ['2022'], 'answer_start': [69]};124
324;What year did NLB organize the Golden Branch competition?;ortable in thebranch, because work spaces are perfectly arranged. In2022, for the second year in a row, NLB organised the GoldenBranch compet;{'text': ['2022'], 'answer_start': [68]};125
325;What percentage of clients are expected to be active on digital channels by 2025?;igital penetration of activecustomers. The goal for NLB Group is for 55% of clients to beactive on digital channels by 2025. ;{'text': ['55%'], 'answer_start': [69]};126
326;When will planned improvements on digital channels be launched?;ital penetration targets in all countries in thecoming years. During 2023, planned improvements on digitalchannels will be launched, as well a;{'text': ['2023'], 'answer_start': [69]};127
327;What percentage of all complaints were resolved positively in 2022?; The preparation of annual report of customers complaints.In 2022, 86% of all complaints were resolved positively. Wehave also set up a pre;{'text': ['86%'], 'answer_start': [67]};128
331;By what year is NLB Groups net-zero strategy implemented?;rategy. With the implementation of NLB Groups net-zero strategy in 2023 it is expected that its impacts will gradually diminish in the long r;{'text': ['2023'], 'answer_start': [67]};129
332;When did several important activities start for the purpose of calculation of credit portfolio GHG emissions?;redit portfolio GHGemissions several important activities started in 2022. Forlarger corporate clients we initiated direct Scope 1  2  3 dat;{'text': ['2022'], 'answer_start': [69]};130
333;When did the GHG calculation start?;redit portfolio GHGemissions several important activities started in 2022. Forlarger corporate clients we initiated direct Scope 1  2  3 dat;{'text': ['2022'], 'answer_start': [69]};131
334;By what year did we form the emission calculation for the Slovenian market?;By end of 2022 we formed the emission calculationfor the Slovenian market, whereas ;{'text': ['2022'], 'answer_start': [10]};132
338;In what year did NLB receive an ESG Risk Rating?;NLB obtained in 2022 for the firsttime an ESG Risk Rating. Assigned rating reflects a low;{'text': ['2022'], 'answer_start': [16]};133
340;In what year are additional key risk indicators and targets in the area of ESG going to be addressed?;ndicators and targets in the area of ESG are going to be addressed in 2023 basedon on-going activities related with the Net Zero Banking Allian;{'text': ['2023'], 'answer_start': [70]};134
342;When did NLB launch its first green financing offer?;uction of the first greenfinancing offer NLB Green Housing Loan in 2020, the Groupcontinues to strengthen its sustainable finance propositio;{'text': ['2020'], 'answer_start': [67]};135
343;When will the Bank take decisive steps in order to be ready to issue one of its future bonds in a green format?;Issuance of bonds in a greenformat is an ambition of NLB. In 2023 the Bank will takedecisive steps in order to be ready to issue one o;{'text': ['2023'], 'answer_start': [61]};136
347;In what year was NLB actively involved in raising awareness of the importance and relevance of the EU Taxonomy?;In 2022 NLB was actively involved in raising awareness ofthe importance and ;{'text': ['2022'], 'answer_start': [3]};137
351;What year did NLB become a Green Partner of the GLWF?;een partner in building regionalmodels to mitigate climate changeIn 2022, NLB became a Green Partner of the GLWF GreenLight World Flight pr;{'text': ['2022'], 'answer_start': [68]};138
352;When will the combined measurements be combined with the results of similar projects?;ned with the results of similarprojects which will be carried out in 2023. The combinedmeasurements will then serve as input and validation da;{'text': ['2023'], 'answer_start': [69]};139
353;In what year will the combined measurements serve as input and validation data for regional models of climate change and the dispersion of pollutants?;ned with the results of similarprojects which will be carried out in 2023. The combinedmeasurements will then serve as input and validation da;{'text': ['2023'], 'answer_start': [69]};140
354;How many seedlings were planted in the Maleevo region?;a Skopje carried outunder the motto Foresting together, we planted 3700seedlings in the MaleL?evo region. This region was one of themost aff;{'text': ['3700'], 'answer_start': [67]};141
355;How many trees were planted on Jahorina?;loyees of NLB Banka Banja Luka took care offorestation on Jahorina  2100 trees were planted by 320employees. SDG 15  Life on Land NLB Ko;{'text': ['2100'], 'answer_start': [68]};142
358;When was the first banking institution established?;on is based on people,banking knowledge and culture reaching back to 1820 whenthe first banking institution  the Carniola Savings Bank  was;{'text': ['1820'], 'answer_start': [69]};143
359;What percentage of businesses managed by women in Montenegro were managed by NLB?;eded for business growth. As the bank ofprimary choice for more than 32% of registered businessesmanaged by women in Montenegro, NLB reciproc;{'text': ['32%'], 'answer_start': [69]};144
360;Who implemented the Women in Business programme?;lityAs part of the Women in Business programme implementedby the EBRD and organised by NLB Banka Podgorica, in2022 a series of free educat;{'text': ['EBRD'], 'answer_start': [65]};145
361;In what year were free education sessions on the topic of Customer Relationship Management held?;amme implementedby the EBRD and organised by NLB Banka Podgorica, in2022 a series of free education sessions on the topic CRM Customer Rela;{'text': ['2022'], 'answer_start': [68]};146
365;How much stake does the Republic of Slovenia have in NLB?;ncial assistance receivedfrom government1. Republic of Slovenia has 25% stake  1 share in NLB.See the Banks page https//www.nlb.si/shares;{'text': ['25%'], 'answer_start': [68]};147
367;What percentage of senior management are hired from the local community?;202-2 Proportion of senior managementhired from the local community98% of senior management are hired from the local community.;{'text': ['98%'], 'answer_start': [67]};148
370;When did both governance bodies address climate-related risks and opportunities?;dingclimate- related in risk management framework, respectively. In 2022, both governancebodies addressed had oversight, discussed and/or ma;{'text': ['2022'], 'answer_start': [68]};149
371;In what year did both governance bodies address ESG related topics?;dingclimate- related in risk management framework, respectively. In 2022, both governancebodies addressed had oversight, discussed and/or ma;{'text': ['2022'], 'answer_start': [68]};150
372;In what year were concrete targets included in the Banks performance plans?;In 2022, concretetargets have been included in their performance plans, and ;{'text': ['2022'], 'answer_start': [3]};151
373;When was the NLB Green Housing Loan introduced?;uction of the first green financing offer NLBGreen Housing Loan in 2020, the Group continues to strengthen its sustainable financepropositio;{'text': ['2020'], 'answer_start': [67]};152
374;In what year is the NLB group sustainability report presented?;egories, and presented inthe report.NLB Group Sustainability Report 2022Chapter Identification and assessmentof climate-related and other E;{'text': ['2022'], 'answer_start': [68]};153
377;How much reduction in CO2 did NLB Group account for in 2022 compared to 2021?;financedemissions of NLB Group accounted for 19,906 t CO2, which is 46% reduction comparedto 2021. . To calculate emissions the guidelines o;{'text': ['46%'], 'answer_start': [68]};154
380;By 2030, how much of all electric energy will come from zero-carbon sources?;50% reduction of paper print by 202575% of all electric energy from zero-carbon sources by 2030. Targets in ;{'text': ['75%'], 'answer_start': [36]};155
381;By what year did NLB Group form the emission calculation for the Slovenian market?;By end of 2022 we formed the emission calculation for the Slovenian market, whereas ;{'text': ['2022'], 'answer_start': [10]};156
383;By the end of what year will NLB Group be merged with KB Bank?;r of the bank wit NLB d.d.,which is to be completed by the end of Q3 2023.Distribution of the number of customers and clientsserved in NLB Gr;{'text': ['2023'], 'answer_start': [69]};157
384;In what year did NLB Group adopt the Sustainability Framework?;sespecify which ones -------------------------None of the aboveIn 2020, NLB Group adopted the Sustainability Framework,which forms the basi;{'text': ['2020'], 'answer_start': [66]};158
387;In what year did NLB Group focus on strengthening governance across the group?;In 2022, NLB Group paid particular attention to strengtheninggovernance acro;{'text': ['2022'], 'answer_start': [3]};159
389;When was the impact analysis based on the UN PRB methodology conducted?;roup conducted the impact analysis based on the UNPRB methodology in 2021 with reference data for 2020.As a first step of the impact analysis,;{'text': ['2021'], 'answer_start': [69]};160
392;How many business lines did the NLB Group portfolio break down into?;tors.In the impact analysis, the NLB Group portfolio was brokeninto four business lines according to the UN PRB FI tool, andthe data indicato;{'text': ['four'], 'answer_start': [68]};161
394;In what year did NLB Group focus its operations on the merger with Komercijalna Banka and the acquisition of N banka?;nalAs described in chapter 1.1. NLB Group focused its operationsin 2022 on the merger with Komercijalna Banka andthe acquisition of N banka.;{'text': ['2022'], 'answer_start': [67]};162
396;In what year was a law passed that protects the energy sector from the negative impacts of climate change?; sectors,had a very high share of greenhouse gas GHG emissions.In 2019, Montenegro adopted a law on protection fromthe negative impacts of ;{'text': ['2019'], 'answer_start': [66]};163
397;What is the reduction of national net GHG emissions by 2050 compared to 1990 levels?; including Forestry and Other Land Use andexcluding MEMO items of 72% by 2050 compared to 1990levels and increased resilience of North Mac;{'text': ['72%'], 'answer_start': [66]};164
405;How many bank advisors do NLB cover?;covers 733 advisors, 53% bank advisors and 47% financialadvisors. All advisors regularly atte;{'text': ['53%'], 'answer_start': [21]};165
406;What percentage of financial advisors are covered by NLB?;covers 733 advisors, 53% bank advisors and 47% financialadvisors. All advisors regularly attend internal and extern;{'text': ['47%'], 'answer_start': [43]};166
408;What year did sustainable corporate financing start?;nable corporate financing. Sustainable corporate financing started in2021 as a new approach focusing exclusively on sustainability-related proj;{'text': ['2021'], 'answer_start': [69]};167
409;Sustainable corporate financing started in what year?;nable corporate financing. Sustainable corporate financing started in2021 as a new approach focusing exclusively on sustainability-related proj;{'text': ['2021'], 'answer_start': [69]};168
410;How many targets did the NLB Bank announce in 2021?;reaching the target? Pleasedisclose.The NLB Bank publicly announced four targets in 2021, andin 2022 we started with activities to further de;{'text': ['four'], 'answer_start': [68]};169
413;How much of all electricity used in NLB Group will come from zero-carbon sources by 2030?;sustainable-finance/overview-sustainable-financeenBy the year 2030,75% of all electricenergy used in NLBGroup will comefrom zero-carbons;{'text': ['75%'], 'answer_start': [67]};170
414;By 2025, what will be the share of active digital retail users in NLB Group?;y 2025, the shareof active digitalretail users in NLBGroup will be 55%.;{'text': ['55%.'], 'answer_start': [67]};171
415;By 2030, what percentage of all electric energy used in NLB Group will come from zero-carbon sources?;YesIn progressNoYesIn progressNoYesIn progressNo2. By 2030, 75% of all electric energy used in NLB Group willcome from zero-carbon s;{'text': ['75%'], 'answer_start': [60]};172
416;The share of active digital retail by 2025 will be what?;y 2025, the share of active digital retail users in NLB Groupwill be 55%- promoting the use of digital channels to various targetgroups via ;{'text': ['55%'], 'answer_start': [69]};173
417;By 2025, the share of active digital retail users in NLB Group will be what percentage?;y 2025, the share of active digital retail users in NLB Groupwill be 55%- promoting the use of digital channels to various targetgroups via ;{'text': ['55%'], 'answer_start': [69]};174
421;By 2025, what percentage of active digital retail users will be in NLB Group?;y 2025, the share of activedigital retail users in NLB Groupwill be 55%.NLB Group has committed to digital penetration of55% on the group le;{'text': ['55%.'], 'answer_start': [68]};175
422;What percentage of digital penetration on the group level by 2025 will be achieved?;B Groupwill be 55%.NLB Group has committed to digital penetration of55% on the group level by 2025. At the end of 2022, NLBGroup reached 40.;{'text': ['55%'], 'answer_start': [15]};176
423;In what year did NLB participate in the preparation of the banking-sector-wide, unified ESG questionnaire?;rate with different workinggroups on implementing sustainability. In 2022, NLB Groupparticipated in the preparation of the banking-sector-wide;{'text': ['2022'], 'answer_start': [69]};177
425;What is the first reporting date for BASEL Pillar 3 ESG Disclosures?;he NLBGroup has integrated is explained in the Sustainability Report 2022.Basel Pillar 3 ESG Disclosures will be available on the NLB web page;{'text': ['2022'], 'answer_start': [69]};178
427;What is the name of the non-financial reporting directive?; Investment Guarantee AgencyNACE Nomenclature of Economic ActivitiesNFRD The Non-Financial Reporting Directive 2014/95/EUNLB d.d. NLB d.d. ;{'text': ['NFRD'], 'answer_start': [68]};179
428;What is the name of the Non-Financial Reporting Directive?; Investment Guarantee AgencyNACE Nomenclature of Economic ActivitiesNFRD The Non-Financial Reporting Directive 2014/95/EUNLB d.d. NLB d.d. ;{'text': ['NFRD'], 'answer_start': [68]};180
429;What was planted by our employees throughout the region?;fromzero carbon energysourceoperationalcarbonfootprintreductiontrees were plantedby our employeesthroughout theregion.new sustainable;{'text': ['trees'], 'answer_start': [63]};181
430;How many employees took part in training programmes?;by 10 pointsvs. year 2021, and by 44 points vs. baseline year 2019 82,280 employees took part in 1,690 trainingprogrammes. ;{'text': ['82,280'], 'answer_start': [67]};182
431;How many employees took part in training programmes in the baseline year 2019?;by 10 pointsvs. year 2021, and by 44 points vs. baseline year 2019 82,280 employees took part in 1,690 trainingprogrammes. ;{'text': ['82,280'], 'answer_start': [67]};183
432;How many subsidiary banks are in Southeast Europe?;of NLB, the leading and systemicallymost important bank in Slovenia, seven subsidiary banksin Southeast Europe SEE, several companies providi;{'text': ['seven'], 'answer_start': [69]};184
435;How many main pillars of sustainable development are defined within the Sustainability Framework?;llars of NLB Group sustainabilityWithin the Sustainability Framework three main pillars of sustainable development are defined whichset the bro;{'text': ['three'], 'answer_start': [69]};185
436;How many pillars of sustainable business does NLB Skladi pursue?;ring an ethical andefficient business operations.NLB Skladi pursues three pillars of sustainable businessCEO StatementKey Highlights 2022Ab;{'text': ['three'], 'answer_start': [68]};186
446;How many of the members represent the interests of shareholders?;ksSupervisory Board consists of a total of twelve members, ofwhich eight represent the interests of shareholders and fourthe interests of emp;{'text': ['eight'], 'answer_start': [67]};187
447;How many shareholders did the Supervisory Board address in 2022?;ksSupervisory Board consists of a total of twelve members, ofwhich eight represent the interests of shareholders and fourthe interests of emp;{'text': ['eight'], 'answer_start': [67]};188
448;What is the acronym for the Internal Liquidity Adequacy Assessment Process?;ppetite of NLB Group Internal Liquidity AdequacyAssessment Process ILAAP, Internal Capital AdequacyAssessment Process ICAAP in NLB GroupK;{'text': ['ILAAP'], 'answer_start': [67]};189
449;How many new members of the Management Board will be added to the NLB in 2022?;nt Board members andheads of control functions, Development plan for threenew members of the Management Board, Training for themembers of the ;{'text': ['three'], 'answer_start': [69]};190
450;How many decision-making bodies are supported by directors?;ve Management Board members are supported bydirectors B-1 level in three decision-making bodies, whichalso discuss sustainability considerati;{'text': ['three'], 'answer_start': [67]};191
451;How many lines of defence does the internal control system have?;Sustainable Development unit as well.Sustainability control through threelines of defenceThe internal control system in NLB Group is implemen;{'text': ['three'], 'answer_start': [68]};192
452;How many lines of defence are there in the NLB Group?;Sustainable Development unit as well.Sustainability control through threelines of defenceThe internal control system in NLB Group is implemen;{'text': ['three'], 'answer_start': [68]};193
453;What did the bank manage to reduce the use of?;age. Following our initiatives,the bank managed to reduce the use of paper by upto 19% in 2022 compared to the previous year.;{'text': ['paper'], 'answer_start': [69]};194
470;What percentage of legal entities are digitalised in NLB Banka Banja Luka?; on the other hand, are the mostdigitalised in NLB Banka Banja Luka 85.60% and NLB BankaPodgorica 84.50%.NLB offers a Digital package and Dig;{'text': ['85.60%'], 'answer_start': [68]};195
471;How much of the legal entity is digitalised?; on the other hand, are the mostdigitalised in NLB Banka Banja Luka 85.60% and NLB BankaPodgorica 84.50%, together 85.50%.NLB offers a Digital package and Dig;{'text': ['85.50%'], 'answer_start': [115]};196
472;How much of NLBs demands are fulfilled via digital channels?;presents 16.2% of totaldemands and in NLB Banka Skopje 15.10%. In NLB 12.30% ofcontracts are concluded via digital channels.NLB Pay is a mobile ;{'text': ['12.30%'], 'answer_start': [70]};197
473;What percentage of contracts are concluded through digital channels in NLB?;presents 16.20% of totaldemands and in NLB Banka Skopje 15.10%. In NLB 12.30% ofcontracts are concluded via digital channels.NLB Pay is a mobile ;{'text': ['12.30%'], 'answer_start': [71]};198
474;What percentage of NLB clients are active users?; NLBand NLB Group members, together having 102,902 clients,of which 28.80% are active users. ;{'text': ['28.80%'], 'answer_start': [68]};199
475;What is the name of NLBs first and only app for older people?;th their firstand only app exclusively made for older people, namedMagda. Magda is full of useful information tailormadefor seniors. Cyberse;{'text': ['Magda'], 'answer_start': [67]};200
476;What is the last pillar of cooperation between our mobile branch NLB BankGo and their mobile classroom?;th their firstand only app exclusively made for older people, namedMagda. Magda is full of useful information tailormadefor seniors. Cyberse;{'text': ['Magda'], 'answer_start': [67]};201
477;How many different sets of activities were provided in Sarajevo?;hey created special guides on how to makepayments, while in Sarajevo three different sets of activitieswere provided  Digital Corner e-bankin;{'text': ['three'], 'answer_start': [69]};202
478;How many kilometres did the bank and go travel on the road in total?;sent at specially arranged events, clocking up in totalapproximately 45,000 kilometres on the road.;{'text': ['45,000'], 'answer_start': [69]};203
479;How many modules did the 2022 ECB Climate Stress test exercise consist of?;was includedinto 2022 ECB Climate Stress test exercise, consisted of threemodules. ;{'text': ['three'], 'answer_start': [69]};204
480;How many modules were included in the 2022 ECB Climate Stress test exercise?;was includedinto 2022 ECB Climate Stress test exercise, consisted of threemodules. ;{'text': ['three'], 'answer_start': [69]};205
483;How many levels is ESG risk management considered?;cial impacts.According to ESMS, ESG risk management is considered onthree levels having a low impact on the environment and having thepoten;{'text': ['three'], 'answer_start': [68]};206
484;How many levels is a low impact on the environment considered?;cial impacts.According to ESMS, ESG risk management is considered onthree levels having a low impact on the environment and having thepoten;{'text': ['three'], 'answer_start': [68]};207
486;How much new green loan volume did NLB Group generate for micro and corporate clients?;ew green loan volume for micro and corporate clients in the amount of 166,9The purpose of financing was to support wind farms, solar projects, b;{'text': ['166,9'], 'answer_start': [70]};208
487;What was the amount of the financing for micro and corporate clients?;ew green loan volume for micro and corporate clients in the amount of 166,9The purpose of financing was to support wind farms, solar projects, bi;{'text': ['166,9'], 'answer_start': [70]};209
489;When did NLB Group join Net-Zero Banking Alliance?;dcommitments of Net-Zero Banking Alliance, which NLB Groupjoined in May 2022.Therefore, this chapter does not include a detailed descriptionat t;{'text': ['May 2022'], 'answer_start': [68]};210
543;How many members make up the Banks Supervisory Board?;d sustainability. The BanksSupervisory Board consists of a total of twelve members, ofwhich eight represent the interests of shareholders and f;{'text': ['twelve'], 'answer_start': [68]};211
549;What was the turnover rate in NLB Group in 2022 compared to 2021?;ageIn 2022, the overall turnover of employees in NLB Group stood at 14.5%. The graph shows furtherdistribution of this share by gender and age.;{'text': ['14.5%.'], 'answer_start': [68]};212
550;In 2022, what was the turnover of NLB Komercialna banka and N Banka?;ageIn 2022, the overall turnover of employees in NLB Group stood at 14.5%. The graph shows furtherdistribution of this share by gender and age.;{'text': ['14.5%.'], 'answer_start': [68]};213
551;What was the turnover of employee s in NLB Group in 2022?;ageIn 2022, the overall turnover of employees in NLB Group stood at 14.5%. The graph shows furtherdistribution of this share by gender and age.;{'text': ['14.5%.'], 'answer_start': [68]};214
559;How many NLB and NLB Group members together have?;s ATMs. It is available in NLBand NLB Group members, together having 102,902 clients,of which 28.8% are active users. ;{'text': ['102,902'], 'answer_start': [69]};215
560;How much of all card transactions in NLB go through NLB Pay?;In NLB 1.86% of all cardtransactions go through NLB Pay, while in NLB Prishtina t;{'text': ['1.86%'], 'answer_start': [7]};216
561;What is NLB Prishtinas percentage of card transactions?;ough NLB Pay, while in NLB Prishtina thepercentage is even higher at 2.95%.CEO StatementKey Highlights 2022About This ReportNLB Group at aGl;{'text': ['2.95%.'], 'answer_start': [69]};217
566;Owners of buildings who do not sell or rent out their properties do not need what?;of buildings who do not sell or rent out their properties donot need an EPC. ;{'text': ['an EPC'], 'answer_start': [69]};218
583;In 2022, how many hours were recorded in education about sustainability topics?;In 2022, NLB d.d. recorded 1452,8 hours of education aboutsustainability topics. In NLB d.d. we also p;{'text': ['1452,8'], 'answer_start': [27]};219
598;What is equipped with NFC technology so clients can pay at all POS terminals that allow contactless payment and withdraw cash at contactless ATMs?; 15.1%. In NLB 12.3% ofcontracts are concluded via digital channels.NLB Pay is a mobile wallet that enables contactless paymentswith smartphones;{'text': ['NLB Pay'], 'answer_start': [68]};220
599;What is a key enabler of the transition towards a low-carbon economy and society?;ityloss PollutionContentsSustainable Finance and Risk ManagementFinance is a key enabler of the transitiontowards a low-carbon economy and s;{'text': ['Finance'], 'answer_start': [37]};221
608;The Bank supported the sustainable mobility project MBajk in what city?;lovenia. The Bank supported the sustainablemobility project MBajk in Maribor, which provides anefficient and user-friendly system with 200 bicycl;{'text': ['Maribor'], 'answer_start': [69]};222
1001;What does the report accurately and completely represent?;s GHG statements the report accurately and completely represents GHGemissions Scope 1, 2, and 3 limited and without Category15, financed emission;{'text': ['GHGemissions'], 'answer_start': [65]};223
1002;Optimization of what in buildings?;ize heating/lighting use.Divestment of real estates.Optimization of space-demand in buildings.;{'text': ['space-demand'], 'answer_start': [68]};224
1003;What award did NLB d.d. receive for the seventh year in a row?;l knowledge and contributions to the HR field,NLB d.d. received the Top Employer award for the seventhyear in a row by the recognised Dutch Top Empl;{'text': ['Top Employer'], 'answer_start': [68]};225
1006;What must an employee do if a danger to their safety and health is identified?;he safety and health of the employee isidentified, the employee must stop working. He/She must informa superior, who must take care to eliminate the d;{'text': ['stop working'], 'answer_start': [69]};226
1007;What are the deadlines for informing employees and their representatives prior to the implementation of significant operational changes that could substantially affect them?;toperational changes that could substantially affect them rangefrom 8 to 30 days, subject to the nature of operational change.At NLB Komercijalna ban;{'text': ['8 to 30 days'], 'answer_start': [68]};227
1009;The policy sets out the conditions for the allocation and payment of the variable part of what?;the conditions for the allocation and payment of the variablepart of remuneration.The starting point for setting goals for employees is theimplementa;{'text': ['remuneration'], 'answer_start': [69]};228
1010;What did the Group assess as more of a material than a physical risk?;re are certain industries which are directly or indirectly related to fossil fuels and such industries are consideredriskier. The level of transition;{'text': ['fossil fuels'], 'answer_start': [70]};229
1013;What does sustainable finance integrate into its business and investment decisions for the lasting benefit of Group clients?;nternal governance arrangements. Thus, sustainable financeintegrates ESG criteria into Groups business and investmentdecisions for the lasting benefi;{'text': ['ESG criteria'], 'answer_start': [69]};230
1014;What is not determined as material risk?;Chronic risk is not determined asmaterial risk. Transition risks arise already on;{'text': ['Chronic risk'], 'answer_start': [0]};231
1016;What does NLB Group aim to achieve in 2022?;rics and TargetsOur journey to net-zeroNLB Group aimsto achieve theNet-ZerogoalCEO StatementKey Highlights 2022About This ReportNLB Group at aGl;{'text': ['Net-Zerogoal'], 'answer_start': [67]};232
1018;What will exposures that are not fully supported by published Taxonomy reporting be assigned?;t for specified use ofproceeds exposures, therefore will be assigned a null valuewhen it comes to inclusion in estimation.CEO StatementKey Highlight;{'text': ['a null value'], 'answer_start': [69]};233
1019;What is one in ten deaths in the Western Balkans?;tion iseven more alarming, as according to some scientific findings,polluted air in this area causes one in ten deaths. The projectis led by Slovenia;{'text': ['polluted air'], 'answer_start': [68]};234
1030;Transition risk and physical risk are subcategories of what?;onmentalrisk. Transition risk and physical risk are subcategories of climate risk.The Group conductsa materiality assessment, as part of its overall r;{'text': ['climate risk'], 'answer_start': [69]};235
1031;What does ESMS apply to?;plemented Environmental and Social Management System ESMS applies totransactions with the greatest potential for significant negative environmental an;{'text': ['transactions'], 'answer_start': [68]};236
1032;What should banks disclose for their lending and other financial intermediary business activities?;ing were also set. EUR 785 million by 2030d Banks should disclose GHGemissions for their lending andother financial intermediarybusiness activitie;{'text': ['GHGemissions'], 'answer_start': [66]};237
1037;How many significant impact areas did your bank prioritize?;tpositive and negative impact areas has your bank identified?Which at least two significant impact areas did you prioritizeto pursue your target se;{'text': ['at least two'], 'answer_start': [67]};238
1043;How much sustainable corporate financing did we create?;nd starteddeveloping the comprehensive NLB Group Net Zero Strategy EUR 166,9 mio of sustainable corporate financing, andEUR 53 mioof green loans to p;{'text': ['EUR 166,9 mio'], 'answer_start': [67]};239
1045;What was the record high profit generated by NLB in the 2022 financial year?;th successful operations, NLB Group generated a recordhigh profit of 446.9 million in 2022, with the acquisitionof N Banka in March significantly influ;{'text': ['446.9 million'], 'answer_start': [69]};240
1048;By 2022, how much of new corporate financing has been implemented?;Target achivements in 2022By year 2022 the NLB Group has implemented 166.9 million ofnew sustainable corporate financing.Publicly announced target by ;{'text': ['166.9 million'], 'answer_start': [69]};241
1050;What is one of the key responsibilities of the Sustainability unit?;tions, and the media.Stakeholder engagement onsustainability topicsCommunication and the nurturing of good relations withinternal and external stakeh;{'text': ['Communication'], 'answer_start': [67]};242
1054;Who has the influence over sustainability-related strategic objectives?;dESMS Officers of NLB Group are permanently invited to themeetings.The Committee oversees the integration of the ESG factors intothe NLB d.d. and NLB;{'text': ['The Committee'], 'answer_start': [67]};243
1056;What is the part of the variable remuneration that depends on performance against defined goals?;ariable remuneration, depending on performance againstdefined goals, severance pay is also the part of variable renumeration. 2 For more informati;{'text': ['severance pay'], 'answer_start': [69]};244
1057;What is subject to meeting financial and non- financial goals?;s holiday allowance, jubilee award, solidarity assistance,etc.. The variable part is subject to meeting financial and non-financial goals.;{'text': ['variable part'], 'answer_start': [68]};245
1058;What is constantly tested and upgraded in the Group?;Cybersecurity in the Group is constantly tested and upgraded bysecurity assessment;{'text': ['Cybersecurity'], 'answer_start': [0]};246
1062;Why was NLB unable to provide baseline 2019 data?;ears to provide baseline 2019 data. The reasons for this decisionare data scarcity, and low impact of N Banka due to size, employee number and faciliti;{'text': ['data scarcity'], 'answer_start': [69]};247
1063;What does NLB Group Fleet aim to be?;ransition and company car user acceptance,NLB Group Fleetaims to bezero-emission Transport demand management pre-prepared solutionsfor different s;{'text': ['zero-emission'], 'answer_start': [67]};248
1065;How many employees were included in focus groups across the entire Group?;conducted internal and external research and interviews,and included more than 400 employees in focus groupsacross the entire Group. With this feedback;{'text': ['more than 400'], 'answer_start': [69]};249
1069;NLB Group will strive to reduce the pay gaps by balancing gender representation by what?;duce the pay gaps by progressively balancing gender representation by job positionsand by pay quartiles according to the overall gender structure of the;{'text': ['job positions'], 'answer_start': [70]};250
1071;What title goes to a branch where employees work together?;experience, the GoldenBranch competition, was established. The title Golden Branchgoes to a branch where employees work together, wherecustomers are r;{'text': ['Golden Branch'], 'answer_start': [69]};251
1072;Settlement on all levels of the process, settlement of satisfactory reimbursement requests in what way?; of the process, settlement ofsatisfactory reimbursement requests in a unified way. Registration of complaints such as to enable contentanalysis with;{'text': ['a unified way'], 'answer_start': [69]};252
1073;What is the largest share of complaints in the Slovenian banking system?;tisfaction surveys.Similarly to the entire Slovenian banking system, card serviceshave the largest share in the total number of complaints,whereas the;{'text': ['card services'], 'answer_start': [69]};253
1076;What scale does the Group use?;th actual or proxy emissions data. Here, too, theGroup uses the same 5 level scale as described above. ;{'text': ['5 level scale'], 'answer_start': [69]};254
1077;The level of transition risk does not depend on the industry itself but on what?;ansition risk does not depend only on the industry itself but also on the companies ESG awareness, strategy, efficiency,etc.;{'text': ['the companies'], 'answer_start': [70]};255
1079;The real estate portfolio reveal that some losses could occur due to what?; the real estate portfolio reveal that some losses could occur due to physical risk, though with no significantimpact on the Groups performance.;{'text': ['physical risk'], 'answer_start': [70]};256
1082;What are absolute emissions and emissions intensity in line with?;ly publishing absolute emissions and emissionsintensity in line with best practice and, within a year ofsetting targets, disclosing progress against a ;{'text': ['best practice'], 'answer_start': [69]};257
1083;How many sponsorships, donations, partnerships, project and other initiatives were executed in 2022?;ctive is to increase the share of CSR activitiesthat pursue UN SDGs.More than 100 sponsorships, donations, partnerships, projectand other initiatives ;{'text': ['More than 100'], 'answer_start': [68]};258
1084;How many seedlings did NLB Banka Skopje donate to the park forest?;es andclearing the burned terrain, which resulted in the donationof more than 300 seedlings for this park forest.SDG 15  Life on Land In the volu;{'text': ['more than 300'], 'answer_start': [68]};259
1085;What is an inspiration for all of society?;pport of varioussport associations, larger and smaller sports clubs, youngathletes, whose talent and sportsmanship are an inspirationfor all of society;{'text': ['youngathletes'], 'answer_start': [69]};260
1087;Who will become a central supporter and partner for art and artists in our region?;Southeast Europe, as well as designa new art collection and gallery.The NLB Group will thus become a central supporterand partner for art and artists ;{'text': ['The NLB Group'], 'answer_start': [68]};261
1088;What is a key highlight of the 2022 report?;n sustainability related topicsin the Sustainability Report, page 35CEO StatementKey Highlights 2022About This ReportNLB Group at aGlanceSustainab;{'text': ['CEO Statement'], 'answer_start': [68]};262
1089;What is a key highlight of the 2022 report?;ns in energy requirementsof products and servicesYes Not applicableCEO StatementKey Highlights 2022About This ReportNLB Group at aGlanceSustainab;{'text': ['CEO Statement'], 'answer_start': [67]};263
1094;What does NLB Group operate in line with?;Report, page 392. Please note NLB Group operations are in line with ILO standards relatedto abolition of child labor, they adhere to national legislat;{'text': ['ILO standards'], 'answer_start': [68]};264
1095;What are NLBs operations in line with?;Please note NLB Group operations are in line with ILO standards relatedto elimination of forced labor, they adhere to national legis;{'text': ['ILO standards'], 'answer_start': [50]};265
1628;What does RM stand for?;ks.In the process of the transaction approval, engagement ofthe RM Relationship Manager is essential to collecting ESGdata at the KYC stage. After the chec;{'text': ['Relationship Manager'], 'answer_start': [67]};266
2002;What are the employees at NLB Banka Sarajevo dedicated to?;Photo Employees at NLB Banka Sarajevo are dedicated to creating better footprints.CEO StatementKey Highlights 2022About This ReportNLB Group at aG;{'text': ['creating better footprints'], 'answer_start': [55]};267
2003;What was the merger of NLB Banka beograd with?;he target was set in 2021 before the mergerof NLB Banka Beograd with Komercijalna banka Beograd in April2022, now operated under NLB Komercijalna banka Beograd, and;{'text': ['Komercijalna banka Beograd'], 'answer_start': [69]};268
2005;What does NLB Group strive for?;bsite Financial Reports nlb.si.TransparencyNLB Group strives for transparency of operations whichallows the recipients of information to correctly assess thepo;{'text': ['transparency of operations'], 'answer_start': [65]};269
2007;What is one of the most important building blocks of the Banks governance?;position, operations, risks and management of the Bankand the Group. Transparency of operations by ensuringquality disclosures, frequency of information delivery an;{'text': ['Transparency of operations'], 'answer_start': [69]};270
2008;Where is the Corporate Governance Statement of NLB published?;ment of NLB inaccordance with Article 70 of the ZGD-1 published in theNLB Group Annual Report https//www.nlb.si/financial-reports, as well separately on the ban;{'text': ['theNLB Group Annual Report'], 'answer_start': [67]};271
2009;What is an advisory body that tackles ESG risks and opportunities related to climate?;owers of the Management Board,there are several committees in place.A Sustainability Committee is an advisory body which tacklesESG risks and opportunities related;{'text': ['A Sustainability Committee'], 'answer_start': [68]};272
2010;What unit regularly performs training sessions for NLB Group members?;hem intotheir operations, within 3 months after the adoption inNLB. Sustainability Development unit regularly performstraining sessions for NLB Group members and a;{'text': ['Sustainability Development'], 'answer_start': [68]};273
2026;What are some examples of MS Office tools?;y, especially in the areas Personal Development MS Office tools Excel, Word, PPT, Power BI, etc.;{'text': ['Excel, Word, PPT, Power BI'], 'answer_start': [64]};274
2027;What is a joint effort for employers, workers and society to improve health and well-being in the workplace?;by certified legal entities for OSH and other professionalcompanies.Workplace health promotion is a joint effort for employers,workers and society to improve healt;{'text': ['Workplace health promotion'], 'answer_start': [68]};275
2030;What does the Group have a relatively low exposure to in its corporate clients portfolio?;nd corresponding emissions the Group has a relativelylow exposure to emission-intensive sectors in its corporateclients business. ;{'text': ['emission-intensive sectors'], 'answer_start': [69]};276
2036;What is the focus of NLB Groups socially responsible operations?;NLB Groups socially responsible operations are still focusedon the strong promotion of sports, through support of varioussport associations, larger and smaller sp;{'text': ['strong promotion of sports'], 'answer_start': [67]};277
2048;What is one of the priorities of the Slovenian Development Strategy 2030?;an Development Strategy 2030.One of the priorities is dedicated to a low-carbon circulareconomy. Part of the answer to the challenge of reducinggreenhouse gas emiss;{'text': ['low-carbon circulareconomy'], 'answer_start': [69]};278
2057;What provides guidelines for all brand management segments for brands owned by NLB for the entire NLB Group?;Policy of Brand Management in NLB GroupThe policy provides guidelines for all brand management ;{'text': ['Policy of Brand Management'], 'answer_start': [0]};279
2059;What is NLB focused on embedding in its business processes and reporting?;ategies of financial institutions in theregion, including NLB Group. ESG regulatory developmentsare anticipated changes, and NLB Group is focused onembedding them s;{'text': ['ESG regulatory developments'], 'answer_start': [69]};280
2061;How are all questions and complaints coming through social media addressed?;ing through social media are redirectedto this channel and addressed according to internal rules.;{'text': ['according to internal rules'], 'answer_start': [69]};281
2065;What do all governance bodies responsibly address?;dother ESG considerations.All governance bodiesresponsibly addressESG risks and opportunities.Advisory and collective decision-making bodiesto the Management Bo;{'text': ['ESG risks and opportunities'], 'answer_start': [66]};282
2109;What did the Supervisory Board of NLB assess once a year?;lityAs a rule, the Supervisory Board of NLB shall once a yearassess its composition, performance, potential conflict ofinterest of individual members of the Supervis;{'text': ['its composition, performance'], 'answer_start': [68]};283
2112;What day is related to awareness-raising and training activities?;inked to Regulatory Requirements andCommitments in NLB and NLB GroupNLB Group Sustainability Day  awareness-raising andtraining activitiesThe Supervisory Boards o;{'text': ['NLB Group Sustainability Day'], 'answer_start': [68]};284
2114;Which committee acts as a primarily advisory body of the Management Board when needed?;tionCommittee, Operations and IT Committee.Sustainability CommitteeThe Sustainability Committee acts primarily as an advisorybody of the NLB Management Board, when ;{'text': ['The Sustainability Committee'], 'answer_start': [67]};285
2116;What unit coordinates sustainability in the NLB Group?;Sustainability in NLB Groupis coordinated through theSustainable Development Unit.The Sustainable Development unit makes proposals relatedto the Sus;{'text': ['Sustainable Development Unit'], 'answer_start': [53]};286
2117;What does the Sustainable Development unit make proposals related to?;nt Unit.The Sustainable Development unit makes proposals relatedto the Sustainability Framework, drives and oversees theimplementation of the sustainability-related;{'text': ['the Sustainability Framework'], 'answer_start': [67]};287
2118;Who defines rules about the risk appetite, risk strategy, other risk policies and guidelines?;rols and supervision over theoperation of the first line of defence.The risk management function defines rules about the riskappetite, risk strategy, other risk poli;{'text': ['The risk management function'], 'answer_start': [68]};288
2119;What is responsible for the supervision of the correct implementation?;ther enhance risk steering and mitigationwithin the whole Group.The business compliance function is responsible for thesupervision of the correct implementation and ;{'text': ['business compliance function'], 'answer_start': [68]};289
2120;What are the financial goals of NLB Group MB members incl.?;. For more information on risk management please refer to Chapter Strategy and Risk Management Section Incorporation of ESG risks in creditapproval process and co;{'text': ['Strategy and Risk Management'], 'answer_start': [66]};290
2121;In 2022, ESG goals were considered as part of what?;include also ESG goals.In 2022, ESG goals were considered as part of annualperformance evaluation, as followsa NLBs CEO 10% weightingb Other members of NLBs Ma;{'text': ['annualperformance evaluation'], 'answer_start': [69]};291
2123;What does the NLB Supervisory Board make an annual self-assessment about?;tion, the NLB Supervisory Board makes an annualself-assessment about its composition, performance,potential conflict of interest of individual members of theSupervis;{'text': ['its composition, performance'], 'answer_start': [69]};292
2124;What is the NLB group committed to?;y partnering professional associations.The NLB Group is committed to paperless businessoperations. Keeping in mind the high pricethe environment pays to sustain paper;{'text': ['paperless businessoperations'], 'answer_start': [69]};293
2127;What have the compliance functions carried out in connection with this area?;due diligence processes. The compliance functions have carried out awareness-raising activities in connection with this area and havestrengthened the approach to ma;{'text': ['awareness-raising activities'], 'answer_start': [67]};294
2128;What activities were carried out in connection with this area?;due diligence processes. The compliance functions have carried out awareness-raising activities in connection with this area and havestrengthened the approach to ma;{'text': ['awareness-raising activities'], 'answer_start': [67]};295
2129;What does NLB cooperate with for obtaining the relevant explanations and information?;itted reliefs and exemptions from the tax base. NLB cooperates with the Financial Administration forobtaining the relevant explanations and information forthe provi;{'text': ['the Financial Administration'], 'answer_start': [68]};296
2130;What is CBCR for the 2022?; from Constituent Entities in Slovenia amounts to EUR 2,560 thousand.Country-by-Country Reporting CBCR for the 2022 values in EUR thousandsManagement of tax conce;{'text': ['Country-by-Country Reporting'], 'answer_start': [69]};297
2132;Why did we start replacing water taps without sensors?; waste containers and its volumes inbusiness buildings and branches. To reduce water consump-tion, we for example, started to replace water taps withoutsensors for wa;{'text': ['To reduce water consump-tion'], 'answer_start': [69]};298
2163;What must all employees be aware of and respect?;les of this Policy.c all employees must be aware of and respect the Code of Conduct of NLB Group and the rules and their obligations hereunder. The employees mustimm;{'text': ['Code of Conduct of NLB Group'], 'answer_start': [68]};299
2170;What topics are regularly addressed on sessions of the Supervisory Board and all its five committees?;managementbodies, which also include knowledge about sustainability.Sustainability-related topics are regularly addressedon sessions of the Supervisory Board and all ;{'text': ['Sustainability-related topics'], 'answer_start': [68]};300
2172;What defines expectations and determines standards expected in our relationship towards other stakeholders?;Ethical considerations andhuman rightsThe NLB Group Code of Conduct represents fundamentalprinciples, values and rules and stipulates th;{'text': ['The NLB Group Code of Conduct'], 'answer_start': [38]};301
2173;What is prepared according to Article 17 of the Regulation on internal governance arrangements?;ely on the banks webpage and onSEOnet https//seonet.ljse.si/  NLB Risk Management Statement, prepared accordingto Article 17 of the Regulation on internal gover;{'text': ['NLB Risk Management Statement'], 'answer_start': [62]};302
2174;What is published in the NLB Group Annual Report https//www.nlb.si/financial-reports?;ely on the banks webpage and onSEOnet https//seonet.ljse.si/  NLB Risk Management Statement, prepared accordingto Article 17 of the Regulation on internal gover;{'text': ['NLB Risk Management Statement'], 'answer_start': [62]};303
2176;How does the Management Board manage the Bank and make business decisions?;k. The Management Board manages theBank and makes business decisions independently andautonomously, adopts strategies, ensures an adequate riskcontrol, and acts with t;{'text': ['independently andautonomously'], 'answer_start': [69]};304
2206;What is the purpose of the NLB Green Partner Loan?; in the energy efficiency of business buildings3. NLB Green Loan for reducing the carbon footprint4. NLB Green Housing Loan5. ;{'text': ['reducing the carbon footprint'], 'answer_start': [69]};305
2209;At the end of 2022, what was conducted on the NLB Group level?;At the end of 2022, the internal ESG audit review wasconducted on the NLB Group level. The review is expected tobe co;{'text': ['the internal ESG audit review'], 'answer_start': [20]};306
2211;What sets out the rules that every employee in NLB Group must understand and respect?;ustomers, employees and other stakeholders.NLB Group Code of ConductThe NLB Group Code of Conduct represents the values and fundamental principles of conduct sets out;{'text': ['The NLB Group Code of Conduct'], 'answer_start': [68]};307
2212;What defines the procedure for preparing a fit and proper assessment of members of/candidates for the Banks Management Board or Supervisory Board?;roper assessments of the EuropeanCentral Bank in accordance with the Joint ESMA and EBA Guidelines on the assessment of the suitability of members of the management bod;{'text': ['Joint ESMA and EBA Guidelines'], 'answer_start': [69]};308
2213;What does the Guide to fit and proper assessments of the European Central Bank comply with?;roper assessments of the EuropeanCentral Bank in accordance with the Joint ESMA and EBA Guidelines on the assessment of the suitability of members of the management bod;{'text': ['Joint ESMA and EBA Guidelines'], 'answer_start': [69]};309
2214;The Guide to fit and proper assessments of the European Central Bank is based on what?;roperassessments of the European Central Bank in accordance with the Joint ESMA and EBA Guidelines on the assessment of the suitability of membersof the management bod;{'text': ['Joint ESMA and EBA Guidelines'], 'answer_start': [69]};310
2259;What does NLB Group align its core strategy, decision-making, lending and investment with?; its core strategy, decision-making, lending and investment with the UN SustainableDevelopment Goals.Based on these principles and to ensure successfulmanagement of the;{'text': ['UN SustainableDevelopment Goals'], 'answer_start': [69]};311
2274;What is the name of the school of economics and business of the University of Ljubljana?;ed challenges for youngprofessionals in partnership with AmCham, the School ofEconomics and Business of the University of Ljubljana andIEDC  Bled School of Management, ;{'text': ['School ofEconomics and Business'], 'answer_start': [69]};312
2275;What are employees who work on higher risk positions provided with?; a rule, employees who work onhigher risk position are provided with a special or additionaltraining for their specific jobs or tasks. Trainings are providedby certified;{'text': ['a special or additionaltraining'], 'answer_start': [69]};313
2276;At NLB Komercijalna banka Beograd the way the bank and trade union cooperate is governed by what?;he way in which thebank and trade union cooperate is governed by the CollectiveAgreement of the Bank. ;{'text': ['CollectiveAgreement of the Bank'], 'answer_start': [69]};314
2278;How does the Bank implement the principles of the Diversity Policy?; operates.The Bank implements the principles of the Diversity Policy through policies and procedures, namely the Policy on the Selection ofSuitable Candidates for Member;{'text': ['through policies and procedures'], 'answer_start': [69]};315
2281;What is the purpose of the Customer Experience Survey?;The purpose is to identify areasof improvement or areas where we excel compared to ourcompetitors, allowing us to m;{'text': ['to identify areasof improvement'], 'answer_start': [15]};316
2313;What is the NZBA?;By joining the UNEP FI Net Zero BankingAlliance NZBA, which aims to harmonise credit andinvestment portfolios by r;{'text': ['UNEP FI Net Zero BankingAlliance'], 'answer_start': [15]};317
2317;What is the focus of the Treasury operations?;l flows in the direction ofgreen transition. Treasury operations Green bond framework development ESG score  ratingContribution to society Active contribution to;{'text': ['Green bond framework development'], 'answer_start': [65]};318
2334;What is the GHG protocol?;roved that the report has been prepared according to GHG protocolguidance for corporate reporting on Scope 1, 2, and 3GHG emissions and verified according to require;{'text': ['guidance for corporate reporting'], 'answer_start': [65]};319
2393;What are the two subcategories of climate risk in NLB Group?;In NLB Group, we consider transition risk and physical risk as subcategories of climate risk.Both categories are then further di;{'text': ['transition risk and physical risk'], 'answer_start': [26]};320
2402;What conduct does NLB expect from all its suppliers?;ransparentprocurement procedure including the minimum principles of ethical, social and environmental conduct that NLB Group expects from all its suppliersof goods and s;{'text': ['ethical, social and environmental'], 'answer_start': [68]};321
2425;What is covered by insurance?;on sovereign debt. Further on, as supported by insurance statistics, many losses caused byphysical risk are covered by insurance which also limits the impact of these risks ;{'text': ['many losses caused byphysical risk'], 'answer_start': [69]};322
2439;What is each employee responsible to reject with zero tolerance?; the following rulesa each employee shall be responsible to reject any form of corruption and bribery with zero tolerance, and to immediately report any identifiedsuspect;{'text': ['any form of corruption and bribery'], 'answer_start': [67]};323
2510;What is the impact of N Banka to total carbon footprint emissions?;acilities to total carbon footprintemissions, which is estimated to less than 2% of data in baseline year.;{'text': ['less than 2% of data in baseline year'], 'answer_start': [68]};324
2611;What does ESMS stand for?; GoalsImplementationof sustainabilityin NLB Groupsbusiness modelEnvironmental andSocial ManagementSystem ESMS part of a comprehensive riskmanagement system within NLB Gr;{'text': ['Environmental andSocial ManagementSystem'], 'answer_start': [64]};325
2626;What is one of the Banks priority activities?;ill using it, they shall return to work in 2023.Employee developmentCare for employees and their development is one of the Bankspriority activities. ;{'text': ['Care for employees and their development'], 'answer_start': [68]};326
2628;What are the three types of talent we are implementing?;ting a common talent management strategy, payingspecial attention to managerial, professional or young talentand successors in management positions. ;{'text': ['managerial, professional or young talent'], 'answer_start': [69]};327
2632;NLB Pay is a mobile wallet that enables contactless payments with what?;ls.NLB Pay is a mobile wallet that enables contactless paymentswith smartphones equipped with NFC technology, so clientscan pay at all POS terminals that allow contactless payme;{'text': ['smartphones equipped with NFC technology'], 'answer_start': [68]};328
2639;What is ESMA?;elated Financial Disclosures, GRI, EuropeanBanking Authority EBA, European Securities and MarketsAuthority ESMA.Any applicable regulatory reporting requirements onsocial ri;{'text': ['European Securities and MarketsAuthority'], 'answer_start': [66]};329
2640;What is the acronym for the European Social Market Authority?;elated Financial Disclosures, GRI, EuropeanBanking Authority EBA, European Securities and MarketsAuthority ESMA.Any applicable regulatory reporting requirements onsocial ri;{'text': ['European Securities and MarketsAuthority'], 'answer_start': [66]};330
2641;What does ESMA stand for?;elated Financial Disclosures, GRI, EuropeanBanking Authority EBA, European Securities and MarketsAuthority ESMA.Any applicable regulatory reporting requirements onsocial ri;{'text': ['European Securities and MarketsAuthority'], 'answer_start': [66]};331
2652;What did ESMS stand for?;B GroupSustainability Frameworkprepared and published onwww.nlb.siEnvironmental and SocialManagement System ESMSestablishedNLB Group SustainabilityReport additional report;{'text': ['Environmental and SocialManagement System'], 'answer_start': [66]};332
2670;What does CSRD stand for?;risks and opportunities with respect to TCFD, aswell as the upcoming Corporate Social Responsibility Directive CSRD.;{'text': ['Corporate Social Responsibility Directive'], 'answer_start': [69]};333
2673;What is ESMS?;group with a strong network ofESG coordinators and a fully developed Environmental andSocial Management System ESMS, in line with the EBRD andMIGA environmental and social perfo;{'text': ['Environmental andSocial Management System'], 'answer_start': [69]};334
2676;What does ESMS stand for?;sultsare expected by the end of 2023.NLB Group also established the Environmental andSocial Management System ESMS, which is part of acomprehensive management system within NLB;{'text': ['Environmental andSocial Management System'], 'answer_start': [68]};335
2701;ESG risks do not represent a new risk category, but rather one of what?;ESG risks do not represent a new risk category, but ratherone of risk drivers of the existing type of risks, such as credit,liquidity, market and operational risk. The Group in;{'text': ['risk drivers of the existing type of risks'], 'answer_start': [65]};336
2705;What is the ESMS?;integration into all relevantprocesses.3. The Group established the Environmental and Social Management System ESMS the mechanism for environmental and social screening of curr;{'text': ['Environmental and Social Management System'], 'answer_start': [68]};337
2712;How do we gain knowledge by working together?;ly within the associations, gaining knowledgeby working together and leading initiatives within theassociations. For more information, please refer to Sustainability Report 2021;{'text': ['leading initiatives within theassociations'], 'answer_start': [69]};338
2719;What is ICAAP?;of NLB Group Internal Liquidity AdequacyAssessment Process ILAAP, Internal Capital AdequacyAssessment Process ICAAP in NLB GroupKPI and plans Defining sustainability-related ;{'text': ['Internal Capital AdequacyAssessment Process'], 'answer_start': [66]};339
2727;What does NLB raise customer awareness of?;to detect and prevent card abuse. We also raise customerawareness of the dangers of online commerce and shopping,thereby contributing to risk management in this area.;{'text': ['the dangers of online commerce and shopping'], 'answer_start': [69]};340
2729;How is flood risk determined on the location of real estate in collateral?;PC-s in the whole Group are underway.Model for assessing flood risk based on national Slovenianflood risk zones was developed  determining flood riskon the actual location of the ;{'text': ['based on national Slovenianflood risk zones'], 'answer_start': [68]};341
2788;What does ESMS aim to manage?;nd Social Factors/Risk Management System ESMS, which aims to manageclimate and/or environmental and social risks.Based on the commitment and the policy mentioned above,the Bank wil;{'text': ['climate and/or environmental and social risks'], 'answer_start': [67]};342
2789;What is written in the Tax Policy?;General principles of conduct onthe tax field are written in the Tax Policy, which is approvedby the Management Bo;{'text': ['General principles of conduct onthe tax field'], 'answer_start': [0]};343
2796;What is the most important input for GHG calculation?;esidential mortgages the most important input for GHG calculation are the buildings energy performance certificates.Physical risk impact The most relevant natural disasters are droug;{'text': ['the buildings energy performance certificates'], 'answer_start': [70]};344
2809;What does NLBs policy contain description of?;ons for handling complaints in NLBThe policy contains description of two-tier customer complaint resolution system and selected institutions responsible for extra-judicial settlement o;{'text': ['two-tier customer complaint resolution system'], 'answer_start': [69]};345
2827;What describes the management process and organization?;Policy of Business ContinuityManagement in NLBThe policy defines business continuity plan for crisis situations. It describes the management process and organization and enables pre;{'text': ['business continuity plan for crisis situations'], 'answer_start': [65]};346
2830;What are stakeholders regularly informed about?;gagements withstakeholdersStakeholders are regularly informed about general aswell as sustainability-related issues through variouscommunications channels, such as the Groups web page;{'text': ['general aswell as sustainability-related issues'], 'answer_start': [68]};347
2835;How can employees report potentially non-ethical or inappropriate business practices?;thical or inappropriatebusiness practices including anonymously electronically via the Whistler web application availablealso for external stakeholders via e-mail to the dedica;{'text': ['electronically via the Whistler web application'], 'answer_start': [64]};348
2942;What does ECRA stand for?;followsinternational standardsin the fight against corruption.The Enterprise Compliance and Integrity Risk AssessmentECRA is performed at the Group level and is intended for thereview ;{'text': ['Enterprise Compliance and Integrity Risk Assessment'], 'answer_start': [66]};349
2950;What is TCFD?;n for the first time in reference to, but not fully complied with the TaskForce on Climate  Related Financial Disclosures TCFD recommendations regarding 1 governance, 2 business strateg;{'text': ['TaskForce on Climate  Related Financial Disclosures'], 'answer_start': [70]};350
3320;What does NLB ensure by having a common understanding of and complying with the rules?;common understanding of, and comply with, therules, the Bank ensures mitigation of risks related to personal data processing and protect personal data of its stakeholders.NLB Rules on the Security of Information,Persons and PropertyThe r;{'text': ['mitigation of risks related to personal data processing and protect personal data of its stakeholders'], 'answer_start': [69]};351
3321;What is the purpose of the New and substantial changes of existing products policy?;tial changes of existingproducts policyThe purpose of the policy is the controlled introduction of new and significant changes to existing products, thereby reducing risks. Thus, the policydefines the Banks framework for introducing new an;{'text': ['the controlled introduction of new and significant changes to existing products, thereby reducing risks'], 'answer_start': [68]};352
3322;What is the purpose of the NLB Retention Policy?;y of employees.NLB Retention PolicyThe purpose of this policy is to identify all relevant factors and measures that contribute to greater and more successful employee engagement,with the desire to increase the belongingness, productivity, motivat;{'text': ['identify all relevant factors and measures that contribute to greater and more successful employee engagement'], 'answer_start': [68]};353
3323;What is the aim of the NLB policy?;The policys aim isto reduce environmental impacts and mitigate environmental risks in everyday business mobility within the Group.GovernanceArticles of Association of NLBThe Articles of Associatio;{'text': ['to reduce environmental impacts and mitigate environmental risks in everyday business mobility within the Group'], 'answer_start': [18]};354
